Iteration, Score, Time, Average Reward
0, 3.8684361912647462, 4.549999999999989
1, 3.149883512219204, 2.6499999999999955
2, -4.6063749736251856, 13.283333333333573
3, 3.361985279556876, 3.2833333333333266
4, -2.6215514474240273, 3.2833333333333266
5, -2.8725590774739618, 2.1833333333333305
6, -2.1903782877647697, 2.1833333333333305
7, 2.700082209261935, 2.083333333333331
8, 5.015703003851584, 4.39999999999999
9, -2.1668191304637685, 7.183333333333313
10, -3.50791532507936, 2.449999999999996
11, -3.033728189782455, 7.6333333333333115
12, 3.1822727845593812, 1.9833333333333312
13, 5.6218881926324125, 7.799999999999978
14, -2.339967393054191, 5.949999999999984
15, 4.0854468337973, 14.283333333333623
16, -2.8135478992804424, 2.6166666666666623
17, 6.395193797789458, 15.216666666667003
18, -2.831836363321765, 2.9499999999999944
19, 3.6031538328215125, 3.4666666666666592
20, 3.409726879818818, 2.9499999999999944
21, 5.354570216123763, 6.26666666666665
22, 2.567692396319087, 2.9999999999999942
23, -2.7166202973881663, 2.2666666666666635
24, 2.600317678988966, 5.933333333333318
25, 3.034729704945705, 3.049999999999994
26, 3.7565177406597883, 4.816666666666655
27, -3.1620319790279514, 3.9333333333333242
28, 2.789716895839907, 2.666666666666662
29, -2.6605557587742115, 2.466666666666663
30, 3.608593362790336, 3.133333333333327
31, 7.0931477608109015, 6.683333333333315
32, -2.137846069953941, 1.9166666666666647
33, -3.050736405457472, 3.949999999999991
34, -2.4867149961828203, 2.416666666666663
35, -2.3312741534833723, 2.1499999999999972
36, 2.7147882392412654, 4.39999999999999
37, -3.687499289417187, 3.8833333333333244
38, 3.5619823848590086, 2.833333333333328
39, 3.0359688242337945, 1.949999999999998
40, -2.078291481275716, 1.816666666666665
41, -0.39628894662212816, 6.333333333333316
42, -0.023992122785670082, 3.899999999999991
43, 7.378632465899928, 14.066666666666945
44, 3.401210012376433, 2.2166666666666637
45, 9.8779244607691, 20.56666666666678
46, -3.3607837749255514, 3.1499999999999937
47, 0.45654381680749406, 9.750000000000064
48, -2.677377917517373, 2.249999999999997
49, 3.9896974537502694, 2.8999999999999946
50, 3.2106777098124106, 12.650000000000208
51, 6.076487923402962, 8.083333333333314
52, 7.981930704617853, 8.833333333333352
53, -2.764122460712467, 2.633333333333329
54, -2.6449528533044884, 2.1333333333333306
55, 6.310328531228881, 9.583333333333389
56, 2.2572223271235985, 8.433333333333332
57, 4.153849216026273, 6.5333333333333155
58, -2.9894685537156103, 2.3833333333333298
59, 3.601404357093489, 2.533333333333329
60, 3.552444048861186, 2.916666666666661
61, 2.440581820892981, 3.4166666666666594
62, -3.329760478387802, 3.983333333333324
63, 3.3014620313667913, 2.0999999999999974
64, -2.7781911476404635, 2.166666666666664
65, 2.123648982269035, 4.3666666666666565
66, -2.4530265330310677, 2.1333333333333306
67, -1.8569830503544607, 1.949999999999998
68, -2.3412850115029924, 2.33333333333333
69, 4.07438289381167, 3.383333333333326
70, 4.282662600187401, 4.166666666666657
71, -2.209856142482834, 2.28333333333333
72, 2.426378564272937, 2.533333333333329
73, -2.3563358888489763, 3.599999999999992
74, 2.737280146337457, 2.3166666666666633
75, -2.437521740885674, 1.6833333333333322
76, -1.6765256167180436, 2.633333333333329
77, 5.087111444727519, 4.949999999999988
78, 3.532128255248963, 3.433333333333326
79, 3.053649755978407, 4.8333333333333215
80, 0.7315254562571352, 8.45
81, 4.420543716467651, 5.966666666666651
82, 3.921326261468067, 3.733333333333325
83, 4.8413773939015, 3.9333333333333242
84, -2.7587394184579628, 2.3833333333333298
85, -2.4021400595614755, 2.633333333333329
86, 2.0628436172746203, 2.2333333333333303
87, 2.36593912953922, 2.28333333333333
88, -3.130259934945529, 3.183333333333327
89, -3.369871610215982, 2.7666666666666617
90, 4.427037178649448, 3.0666666666666607
91, 3.0271243753178174, 2.749999999999995
92, 6.4881610341638485, 11.116666666666799
93, -2.1178604600699904, 2.6166666666666623
94, 2.858623756112116, 6.916666666666647
95, -1.8661486046792195, 1.5999999999999992
96, -2.159327067085165, 2.0999999999999974
97, 4.649802563969595, 4.4499999999999895
98, -2.8977625188053024, 2.583333333333329
99, -3.6567828605994235, 2.7666666666666617
100, 4.296317307008968, 5.516666666666652
101, 4.807961777765311, 5.416666666666653
102, 3.359919839594941, 3.016666666666661
103, -1.9754621849665497, 2.366666666666663
104, -2.006602134791011, 3.1666666666666603
105, 3.912268425998235, 13.883333333333603
106, -2.631174186401203, 2.0166666666666644
107, 7.2148460526586184, 9.650000000000059
108, -2.4177961233276024, 2.066666666666664
109, 5.3586524645069735, 4.049999999999991
110, -3.0841564991382735, 3.5499999999999923
111, -3.3101745674434495, 2.966666666666661
112, -2.2688385119143013, 3.6666666666666585
113, 3.116995957882564, 2.833333333333328
114, 3.8521970341619283, 5.016666666666654
115, -2.7313410788500407, 4.333333333333323
116, -1.3199052830686122, 4.383333333333323
117, -2.3193100415858954, 1.9833333333333312
118, 4.232049814704913, 7.033333333333314
119, -2.160396615618923, 6.283333333333316
120, -2.2547501064967084, 2.2166666666666637
121, 2.657057237348345, 2.28333333333333
122, -2.8267080825259687, 2.5999999999999956
123, -4.121311573554477, 2.7833333333333283
124, -2.1438397957140416, 2.6166666666666623
125, 4.753887710324653, 6.483333333333316
126, 4.317763576465142, 5.28333333333332
127, -3.0330012252234226, 1.7833333333333319
128, -2.2922498957901083, 2.8666666666666614
129, 5.62897303931651, 9.000000000000027
130, -2.52467492287211, 3.899999999999991
131, 2.989106038120327, 2.2999999999999967
132, 4.053374979169298, 5.916666666666651
133, 4.095725809805451, 2.549999999999996
134, -2.800409327492041, 2.416666666666663
135, 5.790941546663321, 6.833333333333314
136, 4.359352442692537, 7.349999999999979
137, 4.026845689936865, 5.716666666666652
138, -2.212093949420722, 2.2666666666666635
139, -2.5722854900700116, 2.499999999999996
140, -0.73166520458048, 3.733333333333325
141, 3.406312323281972, 4.883333333333321
142, -1.6881858959022478, 2.916666666666661
143, 3.607884869272587, 3.049999999999994
144, 4.1161459833063185, 8.58333333333334
145, 3.577904535139172, 2.749999999999995
146, 5.545688330406296, 6.3166666666666496
147, -2.571722368566283, 2.5999999999999956
148, -2.872010172117521, 1.8333333333333317
149, -3.403480605064466, 2.199999999999997
150, -2.31829716980349, 3.1999999999999935
151, 4.087155274509065, 7.183333333333313
152, 3.3633032501210556, 3.7499999999999916
153, 3.2385208654090496, 3.683333333333325
154, -1.4676577088509777, 2.466666666666663
155, 4.477264650647783, 5.416666666666653
156, 4.110353981148285, 10.950000000000124
157, 6.826920942132952, 12.083333333333513
158, -1.4534101289313492, 3.0833333333333273
159, 8.571965433570735, 15.866666666667035
160, 9.053705722017352, 13.533333333333585
161, 7.830166203714323, 9.866666666666736
162, 5.721819107198883, 5.2999999999999865
163, 8.895402732369526, 14.950000000000323
164, 3.7616351815878026, 3.6666666666666585
165, 7.402591997827674, 13.416666666666913
166, -3.551306602921061, 2.7666666666666617
167, 8.560356907447899, 10.050000000000079
168, 2.925978437048298, 2.8499999999999948
169, -3.323569748432786, 2.1333333333333306
170, -2.8942146288049564, 2.6499999999999955
171, 3.9758551806641496, 3.7166666666666583
172, -2.0504549939736987, 2.7833333333333283
173, -2.504471809311608, 3.3166666666666598
174, -2.0518988376134373, 3.1166666666666605
175, -2.5418670188368147, 3.433333333333326
176, 9.995476105360288, 16.650000000000336
177, 5.601290796608662, 4.866666666666655
178, -2.272643669351086, 2.0166666666666644
179, -2.9676982235467917, 2.9999999999999942
180, 4.551513390632509, 3.3166666666666598
181, -2.539120343628663, 2.33333333333333
182, 13.156520243691876, 20.266666666666797
183, 3.8618720389260033, 5.499999999999986
184, -0.8096470798878417, 2.466666666666663
185, -1.5014611747027629, 3.399999999999993
186, 3.1761048109990533, 2.8499999999999948
187, -1.4718647331165227, 2.1333333333333306
188, 3.6136598525241825, 3.4166666666666594
189, 5.688313831875539, 6.849999999999981
190, 8.435575058670386, 10.933333333333456
191, 12.15879658899096, 21.566666666666723
192, 3.4225522771502503, 3.133333333333327
193, -1.8735510982342154, 2.9499999999999944
194, 7.2799622087421225, 7.216666666666646
195, 4.8278771721237135, 8.933333333333357
196, -2.4010410665453263, 2.083333333333331
197, 3.845121585317577, 2.6833333333333287
198, 4.275345599257722, 5.983333333333317
199, 3.6416002882364324, 2.8166666666666615
200, -1.8765994484427222, 3.183333333333327
201, 3.28949109218115, 3.9333333333333242
202, 5.104578379859625, 4.983333333333321
203, -2.989172190095071, 2.033333333333331
204, -1.219394392467883, 2.883333333333328
205, 2.681360384654311, 2.366666666666663
206, -1.655566649688963, 2.3833333333333298
207, 5.249621263700228, 5.933333333333318
208, -2.172514197912176, 2.3999999999999964
209, 4.695057592506776, 5.983333333333317
210, -2.339445057788344, 2.5999999999999956
211, -1.1297898987669275, 3.383333333333326
212, 8.127916472765364, 13.550000000000253
213, 5.77527204087092, 6.666666666666648
214, 5.5276184259972085, 6.11666666666665
215, -2.0500162197787875, 2.6499999999999955
216, 5.716099424563619, 6.483333333333316
217, 4.221596184202408, 3.1166666666666605
218, -1.7553779085994505, 2.749999999999995
219, 3.5158530434622968, 3.5833333333333255
220, -1.6302368812347172, 2.5666666666666624
221, -1.9053776561507776, 2.5999999999999956
222, 6.267998133551344, 7.4666666666666455
223, 6.073162194070641, 6.366666666666649
224, -2.705525504543591, 2.116666666666664
225, 9.799857814800166, 22.133333333333358
226, 6.431310306207749, 7.183333333333313
227, 11.083045009401632, 21.100000000000083
228, -2.2720115036754196, 2.2999999999999967
229, 4.779726643661361, 19.416666666666845
230, 6.3317868319574275, 12.066666666666846
231, 3.8787385842337074, 7.366666666666646
232, 3.9335593013044483, 3.3333333333333264
233, 2.1199514617987965, 5.7666666666666515
234, 7.534387933506789, 13.63333333333359
235, 4.018920153537459, 4.549999999999989
236, 7.363566298834737, 25.183333333333184
237, -1.74222978293883, 1.9166666666666647
238, -2.4557329360747575, 2.3499999999999965
239, 17.475275789472455, 23.466666666666615
240, -2.76454852619161, 2.7666666666666617
241, 8.805394798709562, 22.450000000000006
242, -0.8392171414221264, 4.083333333333324
243, 1.1288133623923085, 4.899999999999988
244, 3.482685749058532, 2.33333333333333
245, 4.474528586109751, 3.5499999999999923
246, 5.848686337971183, 8.416666666666664
247, 9.498207504891926, 10.366666666666761
248, -1.6587931455692857, 3.1666666666666603
249, 12.809724402615176, 25.266666666666513
250, -3.4306848455595973, 2.883333333333328
251, 8.865325099359408, 12.783333333333548
252, 12.026332555915737, 16.233333333333693
253, 4.018902214983134, 6.966666666666647
254, -2.4657497152611247, 2.3499999999999965
255, 9.511457685033255, 14.416666666666963
256, 12.704592109562336, 25.31666666666651
257, 6.708265254320522, 7.999999999999977
258, -1.995895839670088, 2.066666666666664
259, 4.694082857523854, 5.149999999999987
260, 14.02959433424279, 28.31666666666634
261, -3.126465875785784, 2.549999999999996
262, 0.699218576097335, 4.9166666666666545
263, 3.1920292281158775, 2.8999999999999946
264, 2.640514293936595, 2.449999999999996
265, -2.546823914345184, 2.3999999999999964
266, 5.690182249554141, 4.549999999999989
267, -1.935676927231987, 2.033333333333331
268, 2.87341532279822, 3.21666666666666
269, 3.543217718919804, 3.4166666666666594
270, 9.343349519419418, 11.366666666666811
271, 2.41430683781547, 2.499999999999996
272, 5.515967785076076, 7.666666666666645
273, 4.397462589310045, 4.049999999999991
274, 18.402498994496593, 29.183333333332957
275, 4.543809576191516, 11.866666666666836
276, 4.790102465057884, 4.016666666666658
277, 11.42005892021037, 19.233333333333523
278, -1.446121828785347, 2.199999999999997
279, 5.011212170545836, 14.03333333333361
280, 3.9552417046778916, 4.383333333333323
281, -1.915132954999158, 2.416666666666663
282, -2.2624944966531766, 2.499999999999996
283, 5.205494442931332, 6.983333333333314
284, -0.5240643466695012, 3.1166666666666605
285, 5.170199673202591, 10.316666666666759
286, 6.992548010510579, 8.24999999999999
287, -2.2347578221198807, 2.33333333333333
288, 5.667608584912537, 6.1499999999999835
289, 9.802699223119866, 12.583333333333538
290, -0.1892432829386815, 3.566666666666659
291, 3.86623647078435, 6.949999999999981
292, 4.774067864798096, 3.399999999999993
293, -0.627172198361022, 4.733333333333322
294, 3.5497260225232403, 9.700000000000061
295, 3.4610137708934396, 2.8499999999999948
296, -1.5391736349585023, 2.6833333333333287
297, 3.7831617906152166, 6.816666666666648
298, 4.53004531733656, 3.949999999999991
299, 4.6956380373509425, 6.549999999999982
300, 3.1100511233021937, 2.066666666666664
301, 6.593691031929891, 5.966666666666651
302, 5.682573064677534, 9.033333333333362
303, 8.979455915564925, 6.349999999999983
304, 3.3843567200244795, 4.7499999999999885
305, 4.3182227742774275, 3.6666666666666585
306, 6.422282120764769, 18.283333333333577
307, 7.71307253490091, 9.533333333333387
308, 7.487111797333788, 7.116666666666647
309, -2.4643641981896476, 3.5833333333333255
310, 4.836658436460662, 4.733333333333322
311, 5.788304167743212, 10.116666666666749
312, 5.392936470195424, 11.166666666666801
313, 3.6278243242843047, 2.883333333333328
314, 6.669392782555667, 5.516666666666652
315, 5.34672384478661, 4.849999999999988
316, 4.227222015617296, 4.3666666666666565
317, 3.373416540759155, 2.5666666666666624
318, 3.0225303311179896, 3.6666666666666585
319, 3.7692054243311093, 3.7166666666666583
320, -1.1958845879875823, 5.249999999999987
321, 3.3670102618737023, 5.583333333333319
322, 7.335344865090753, 21.100000000000083
323, 3.596608455246027, 4.433333333333323
324, 6.362429405034891, 20.266666666666797
325, -1.3732227024364678, 2.583333333333329
326, 3.2477991759883493, 3.1166666666666605
327, 6.794587118643807, 30.016666666666243
328, 5.089378364851993, 14.23333333333362
329, 1.5054831175234824, 9.166666666666702
330, 2.813940130479159, 7.449999999999979
331, 5.159952942118785, 11.533333333333486
332, 8.432972311667484, 29.56666666666627
333, 2.0992271373144065, 30.016666666666243
334, 5.49234148945559, 15.466666666667015
335, 4.4552518455333665, 5.633333333333319
336, -2.015313093381454, 1.866666666666665
337, -2.5977822662255283, 2.4333333333333296
338, -0.9884623087256172, 11.983333333333508
339, 3.7415527595772553, 5.099999999999987
340, -2.421924634512396, 2.883333333333328
341, -4.339247732488638, 4.016666666666658
342, -3.2436054622218897, 3.8833333333333244
343, -3.060259847467414, 2.5666666666666624
344, 5.819702347638022, 9.266666666666707
345, -0.09924489205476915, 4.183333333333324
346, 2.9502128815109403, 2.066666666666664
347, 11.55412740416886, 30.016666666666243
348, 3.0046152510910518, 30.016666666666243
349, 8.47896403413256, 30.016666666666243
350, 4.351089687491514, 30.016666666666243
351, 6.045986761166167, 30.016666666666243
352, 1.984882847910503, 30.016666666666243
353, -0.1510352880180585, 30.016666666666243
354, 1.3657653722051912, 30.016666666666243
355, 6.5455099457688775, 15.000000000000325
356, 1.1653597967565468, 30.016666666666243
357, -1.0284474097668324, 30.016666666666243
358, 4.19646582559643, 30.016666666666243
359, 3.124160131100981, 30.016666666666243
360, -0.232606907889157, 30.016666666666243
361, 4.106414427467352, 9.316666666666709
362, 1.5163596889363447, 30.016666666666243
363, 2.4206354597328574, 7.566666666666645
364, -0.5552203645143781, 30.016666666666243
365, 5.2581720317687015, 30.016666666666243
366, 5.093066006144601, 30.016666666666243
367, 10.119083984653729, 30.016666666666243
368, 4.216462393167014, 30.016666666666243
369, 8.210263186863497, 30.016666666666243
370, 5.293516473912993, 30.016666666666243
371, 9.410849385243178, 30.016666666666243
372, -0.6291479523109912, 2.116666666666664
373, 6.051974289975886, 20.616666666666777
374, 5.195924442251861, 30.016666666666243
375, 6.75793787447608, 6.683333333333315
376, 4.227679136582679, 30.016666666666243
377, 3.7714523806701723, 25.099999999999856
378, 6.55945118500167, 23.516666666666612
379, 7.469040650815242, 30.016666666666243
380, 2.7000673632284893, 30.016666666666243
381, 3.303041818439124, 30.016666666666243
382, 4.8707257079900215, 5.616666666666652
383, 2.3495466856042477, 30.016666666666243
384, 7.313028067256392, 6.399999999999983
385, 0.5253107318047077, 30.016666666666243
386, 8.92680890451087, 9.316666666666709
387, 1.8095507039549241, 30.016666666666243
388, 1.6997407369010658, 30.016666666666243
389, 1.2157967866059134, 30.016666666666243
390, 1.569784803705043, 30.016666666666243
391, -3.8032009494248586, 3.899999999999991
392, 1.1855644464120605, 30.016666666666243
393, 0.8486405049959191, 30.016666666666243
394, 1.7570971305257477, 30.016666666666243
395, 1.1856005968932295, 30.016666666666243
396, 1.0371392804025183, 30.016666666666243
397, 0.9043810665046002, 30.016666666666243
398, 2.8289510579348778, 30.016666666666243
399, 1.640032400015151, 30.016666666666243
400, 1.2019723671743014, 30.016666666666243
401, 2.241557384703874, 30.016666666666243
402, 0.18448759829539613, 30.016666666666243
403, 3.7093829371965583, 2.966666666666661
404, -3.992112891944559, 30.016666666666243
405, 3.0260334020950017, 30.016666666666243
406, 2.767052803406335, 30.016666666666243
407, 0.7100612405670514, 30.016666666666243
408, 6.3623310314956765, 5.483333333333319
409, -4.280620505823435, 2.9999999999999942
410, -4.0413507375198225, 2.9499999999999944
411, -4.4947517050530905, 3.3666666666666596
412, 2.7316810170424706, 15.8333333333337
413, 3.46784728058972, 10.733333333333446
414, 4.305581779961701, 3.21666666666666
415, 6.098812592888025, 3.9666666666666575
416, 5.298852695052069, 22.183333333333355
417, 5.987535183392887, 11.883333333333503
418, 6.165000251056203, 30.016666666666243
419, 1.7006608428521772, 25.333333333333176
420, 6.950886068705548, 24.53333333333322
421, 10.557877998662589, 14.050000000000278
422, 4.001661810863384, 8.31666666666666
423, -2.389861672617988, 2.1833333333333305
424, 6.199940888050389, 5.749999999999985
425, -2.731099693872427, 2.6833333333333287
426, -0.30709160800516694, 4.633333333333322
427, 6.507588396372857, 6.099999999999984
428, -1.8542792505994894, 1.8833333333333315
429, 8.888568486735327, 20.06666666666681
430, 15.63252206551337, 15.466666666667015
431, -1.9223803193639957, 2.916666666666661
432, -0.4359235462874179, 5.083333333333321
433, -1.8117700768223886, 3.0666666666666607
434, -1.1407536665567088, 2.2999999999999967
435, -2.12347997867173, 2.4333333333333296
436, 9.352987262580267, 15.90000000000037
437, 0.6088124541385923, 4.34999999999999
438, -2.8521242534141904, 5.316666666666653
439, -0.1736121336061614, 5.13333333333332
440, 7.056491774567954, 8.433333333333332
441, 1.320133319645357, 5.28333333333332
442, 0.6080090822581637, 4.816666666666655
443, -2.0870891460599665, 2.249999999999997
444, -1.8821162003223746, 5.349999999999986
445, -2.6783765614011994, 5.8499999999999845
446, 1.7683275780739223, 6.599999999999982
447, 7.071048639064308, 17.833333333333602
448, -2.1770740443868655, 3.383333333333326
449, -3.664934293214037, 3.9333333333333242
450, -0.4530900612851882, 3.0666666666666607
451, -2.3007004328447125, 3.2499999999999933
452, -1.0637115867061315, 2.249999999999997
453, -0.5501864329422894, 3.983333333333324
454, -2.862991875906605, 3.1999999999999935
455, -3.2285027283159375, 2.5999999999999956
456, -1.3638152140550348, 2.1499999999999972
457, -0.24812830632602523, 3.049999999999994
458, -1.8867122981677331, 3.9999999999999907
459, -1.8314657452447587, 3.5833333333333255
460, -0.8169801046825953, 3.049999999999994
461, -0.6630757161103804, 3.016666666666661
462, -0.6288878827830828, 3.516666666666659
463, -0.9117180835335366, 3.0833333333333273
464, -1.9693730013469328, 4.333333333333323
465, -1.4123514124052945, 2.1833333333333305
466, -0.6762032304017181, 4.949999999999988
467, -1.218863036141598, 3.816666666666658
468, 0.32552054010580667, 5.866666666666651
469, -1.572725562859089, 3.9333333333333242
470, -2.101566206438441, 2.9999999999999942
471, -2.376011167284272, 2.883333333333328
472, 4.695076582366265, 4.716666666666655
473, 6.69718904959189, 4.583333333333322
474, 6.043783135051452, 5.2999999999999865
475, 1.7943388892861238, 30.016666666666243
476, 1.8735346825202994, 30.016666666666243
477, 1.0316773875256084, 30.016666666666243
478, 9.858958548222661, 11.550000000000153
479, 4.118380210262479, 23.499999999999947
480, -6.460217345868208, 14.583333333333638
481, 1.4070594091569217, 5.28333333333332
482, -5.144481384324585, 30.016666666666243
483, -3.6164163466933146, 3.133333333333327
484, 2.1277733369837746, 30.016666666666243
485, 2.8823330785907832, 30.016666666666243
486, 4.187649912086512, 30.016666666666243
487, 6.408789638022092, 30.016666666666243
488, -1.098927051118729, 30.016666666666243
489, 1.9308808942926852, 30.016666666666243
490, 2.775755260438799, 30.016666666666243
491, 8.938144686077473, 27.216666666666402
492, 4.9946885367234835, 30.016666666666243
493, 7.6523676260842155, 17.91666666666693
494, 2.853935164453364, 9.083333333333364
495, 3.833694000625735, 4.016666666666658
496, 9.183506536149233, 30.016666666666243
497, 9.048031575438063, 21.516666666666726
498, 2.57944027434574, 11.433333333333481
499, 5.883128969974033, 21.900000000000038
500, 3.268050600873095, 30.016666666666243
501, 4.1469419217328936, 19.333333333333517
502, 2.6861461719541526, 30.016666666666243
503, -0.2129707834748792, 27.8499999999997
504, 4.475999839408053, 27.749999999999705
505, 4.890099532519272, 30.016666666666243
506, 6.01644472423105, 28.216666666666345
507, 7.339951804260291, 12.183333333333518
508, 13.408008461272065, 20.466666666666786
509, 5.471306381456055, 4.34999999999999
510, 4.269724208603242, 14.550000000000303
511, 3.1553229442994515, 4.999999999999988
512, 9.319363837409613, 30.016666666666243
513, 2.5021240380929024, 30.016666666666243
514, 1.641645529714977, 30.016666666666243
515, 5.035883499196043, 30.016666666666243
516, 4.89959005114043, 30.016666666666243
517, 5.05196084973683, 30.016666666666243
518, 10.039327851470372, 30.016666666666243
519, 6.702437170489075, 30.016666666666243
520, 9.897103197450862, 30.016666666666243
521, 12.484815667798129, 30.016666666666243
522, 17.423004388933876, 30.016666666666243
523, 8.190229078433608, 30.016666666666243
524, 2.605362518830285, 6.1499999999999835
525, 4.252306811848017, 3.349999999999993
526, -1.8673942180062892, 2.066666666666664
527, -0.1995225388185699, 3.399999999999993
528, 3.6517019313355084, 2.8166666666666615
529, 24.277336243859036, 21.650000000000052
530, 1.946259247806954, 7.4666666666666455
531, 2.6779691376901265, 5.583333333333319
532, -0.0772616812697766, 2.8666666666666614
533, 1.2105405832163385, 5.2166666666666535
534, 6.217602658973494, 10.416666666666764
535, -1.4024526372739083, 2.1333333333333306
536, -1.0473916201211775, 3.2833333333333266
537, -1.4934898328968251, 3.649999999999992
538, 19.489629127124193, 11.650000000000158
539, -1.244878246490151, 3.383333333333326
540, -2.195215013091078, 2.33333333333333
541, 14.377662721904116, 11.150000000000134
542, -2.421357304004489, 3.433333333333326
543, 3.843203017037601, 7.516666666666645
544, 0.16629230657032515, 3.949999999999991
545, 3.40676632001304, 9.550000000000054
546, -1.4617613342712903, 3.1499999999999937
547, -0.7377531668905, 3.516666666666659
548, -0.5752476471055469, 2.583333333333329
549, 1.4921698261791612, 4.049999999999991
550, -1.9275527016301321, 6.133333333333317
551, -1.1834066386915874, 3.7499999999999916
552, -1.4408600057933791, 2.2999999999999967
553, -1.507906769136532, 4.166666666666657
554, -0.11240767310045077, 4.24999999999999
555, 4.462946697529778, 4.233333333333324
556, 1.5681724299402575, 14.800000000000315
557, 1.5871600349638202, 9.300000000000042
558, -0.6736513729981698, 3.733333333333325
559, -1.474855170031831, 1.9333333333333313
560, -1.5794634508721923, 3.6666666666666585
561, -1.7431008223400588, 3.016666666666661
562, 6.967214761902373, 21.81666666666671
563, 1.6286028564734583, 5.483333333333319
564, 1.3965041203506174, 7.14999999999998
565, -1.1248911108287958, 1.9999999999999978
566, -1.6840938117354634, 5.816666666666651
567, -2.163932281072537, 20.91666666666676
568, -3.427913488884313, 3.5333333333333257
569, 2.581600593913148, 9.700000000000061
570, 6.740363177554977, 30.016666666666243
571, 5.196434569535292, 8.04999999999998
572, -1.3416402886441512, 16.100000000000367
573, -1.443649345907722, 4.949999999999988
574, -1.4482024177881319, 7.583333333333312
575, -0.5798805962888046, 2.449999999999996
576, -1.5278534414387441, 2.3999999999999964
577, -0.43964655565956556, 8.58333333333334
578, 1.3842891190861062, 19.816666666666823
579, 0.6104723605237579, 6.866666666666648
580, 1.2198669602034535, 4.616666666666656
581, 5.269448068134188, 4.933333333333321
582, 3.785804826882928, 10.300000000000091
583, 2.9485679894372416, 2.083333333333331
584, -1.5444238749206871, 2.2333333333333303
585, 2.943220144539989, 12.800000000000216
586, 4.872285109224238, 10.016666666666744
587, 7.160905594788527, 16.000000000000373
588, 4.136565252149217, 4.0666666666666575
589, 0.9684257883720918, 5.166666666666654
590, 8.4086778588696, 6.766666666666648
591, -0.66300298775667, 3.21666666666666
592, -1.7897302440091813, 2.1499999999999972
593, -0.9605763574716137, 2.549999999999996
594, 1.3688392448131903, 12.466666666666866
595, -2.3396082521439454, 3.299999999999993
596, 5.210153375791677, 9.950000000000074
597, 0.08330919897896805, 10.833333333333451
598, -2.0211568188157703, 6.033333333333317
599, -4.011025734643323, 3.5499999999999923
600, -0.30536671242255037, 5.716666666666652
601, -3.2752616439448676, 5.33333333333332
602, 0.03215776895308822, 16.16666666666703
603, -2.31267935964124, 2.1499999999999972
604, -2.3478825456162107, 2.199999999999997
605, -3.7409154907284807, 3.26666666666666
606, -2.7482654486125577, 9.233333333333372
607, 6.481184917288577, 5.516666666666652
608, 7.883762838382597, 30.016666666666243
609, 9.528031039307256, 30.016666666666243
610, 3.190981173809414, 30.016666666666243
611, 8.999819465707565, 25.566666666666496
612, 3.6108915981129486, 30.016666666666243
613, 10.148516973143929, 30.016666666666243
614, 1.179231134526493, 30.016666666666243
615, 6.5004985520612, 30.016666666666243
616, 9.213338129117455, 30.016666666666243
617, 5.506497663592817, 30.016666666666243
618, 8.443306803156382, 30.016666666666243
619, 8.807455077622857, 30.016666666666243
620, 4.309085618225531, 4.799999999999988
621, 6.701172519765376, 30.016666666666243
622, 7.434749135017721, 30.016666666666243
623, 6.862542869585349, 5.099999999999987
624, 6.630038959086613, 30.016666666666243
625, 4.357488929890841, 30.016666666666243
626, 3.2689725029510996, 30.016666666666243
627, 4.798763604873177, 30.016666666666243
628, 7.688409916241883, 30.016666666666243
629, 9.892057851048127, 30.016666666666243
630, 7.299237375000827, 30.016666666666243
631, 10.208439967617208, 30.016666666666243
632, 5.7072648827077685, 30.016666666666243
633, 6.9564618596111005, 30.016666666666243
634, 6.374027470691996, 18.050000000000257
635, 3.733706734779839, 30.016666666666243
636, 8.215027714804066, 30.016666666666243
637, 4.505835727396373, 14.283333333333623
638, 6.18846920616259, 30.016666666666243
639, 3.19968009791077, 30.016666666666243
640, 3.8262982599434783, 30.016666666666243
641, 1.3399545040482463, 30.016666666666243
642, 8.764802392868466, 17.933333333333596
643, 3.276533671269133, 1.7833333333333319
644, 1.5346258521675267, 2.5166666666666626
645, 3.105791203414039, 1.7999999999999985
646, 3.4554150533811954, 1.9833333333333312
647, 6.428370557087415, 30.016666666666243
648, 0.9420778275750555, 30.016666666666243
649, 1.4360759499456524, 30.016666666666243
650, 4.729616827396763, 8.266666666666657
651, 4.720749137293743, 4.516666666666656
652, 4.49967521310266, 30.016666666666243
653, 5.527490631602904, 30.016666666666243
654, 3.0320327142075016, 4.766666666666655
655, 2.6634118921057026, 30.016666666666243
656, 0.15241510252145737, 3.983333333333324
657, 0.8313996578087544, 30.016666666666243
658, 5.931765770505948, 30.016666666666243
659, 1.6610709746116885, 30.016666666666243
660, 4.9784052708973805, 4.2833333333333234
661, 3.030339732049034, 2.966666666666661
662, 2.1871753438046864, 24.3499999999999
663, 2.904079238108108, 30.016666666666243
664, 5.536851126698692, 3.683333333333325
665, 0.5335472199681062, 30.016666666666243
666, 7.797819739159994, 19.300000000000185
667, 3.235692708803595, 5.633333333333319
668, -0.9489620964335498, 3.2833333333333266
669, 1.3309108028261722, 2.28333333333333
670, 2.7535818745996767, 4.883333333333321
671, 3.5443473142476107, 2.1333333333333306
672, 5.567378745319282, 30.016666666666243
673, 3.327304154511361, 2.2333333333333303
674, 2.989352162563764, 6.16666666666665
675, 6.144939654782393, 30.016666666666243
676, 1.3146379927228666, 30.016666666666243
677, 4.919681091707195, 14.183333333333618
678, 3.1909728504504784, 2.5999999999999956
679, 1.7406738063072924, 30.016666666666243
680, 3.6624919729587644, 4.816666666666655
681, 2.8644503882786405, 3.0333333333333274
682, 3.713724949398709, 2.466666666666663
683, 3.925593796164537, 30.016666666666243
684, 4.2837280859686455, 2.366666666666663
685, 6.013010545708465, 30.016666666666243
686, 4.545837266963144, 18.916666666666874
687, 2.5120913355396364, 30.016666666666243
688, 3.1245351679395563, 2.4833333333333294
689, 6.2341341718593934, 30.016666666666243
690, 5.176612129215143, 30.016666666666243
691, 3.577374053928548, 5.933333333333318
692, 2.541488060695105, 30.016666666666243
693, 2.152709918384808, 15.36666666666701
694, 2.6723124777070786, 30.016666666666243
695, 5.81490647561381, 4.316666666666657
696, 4.237344847711842, 30.016666666666243
697, 5.34580800234422, 30.016666666666243
698, 4.14871857188981, 30.016666666666243
699, 2.5579111775256744, 30.016666666666243
700, 1.154547883454068, 30.016666666666243
701, -0.26015714625876557, 30.016666666666243
702, 3.133956954870831, 30.016666666666243
703, 3.22164702495561, 1.9166666666666647
704, 4.8335420969094605, 30.016666666666243
705, 1.8623113435130316, 30.016666666666243
706, 8.865422464936538, 18.983333333333537
707, 2.4507606138347873, 2.2166666666666637
708, 3.5551073271041305, 1.9166666666666647
709, 6.86880991656655, 8.166666666666652
710, 3.7439729045733268, 2.2333333333333303
711, 3.430043914448189, 2.6166666666666623
712, 1.0865751027829924, 3.2833333333333266
713, 2.7622551361368877, 2.716666666666662
714, 3.627649465608478, 2.033333333333331
715, 2.4072147392153678, 2.5166666666666626
716, 1.70714307278409, 2.449999999999996
717, 3.2091677805006653, 3.049999999999994
718, 6.013972190000979, 30.016666666666243
719, 0.8516085002328191, 30.016666666666243
720, 2.60897014335549, 30.016666666666243
721, 8.307468929080912, 29.233333333332954
722, -1.511873434618513, 2.0499999999999976
723, 5.925950214808893, 20.91666666666676
724, -1.5040602363636417, 12.950000000000223
725, 0.0036110191100189584, 8.283333333333324
726, -3.2050549672055184, 2.8666666666666614
727, -1.935265616290319, 2.0999999999999974
728, -1.423677372452571, 2.366666666666663
729, -1.574329330531885, 3.133333333333327
730, -2.414156655434036, 2.933333333333328
731, -2.2047457154469536, 2.1333333333333306
732, -1.7816749414174329, 2.7666666666666617
733, -2.71872771696857, 4.8333333333333215
734, 0.52137687909044, 6.833333333333314
735, 0.17861906701912053, 13.983333333333608
736, 2.9451719748178573, 30.016666666666243
737, -3.441100998440964, 2.33333333333333
738, -3.3638077747094783, 2.8999999999999946
739, -1.6638381132331452, 1.566666666666666
740, -3.639012043094641, 3.349999999999993
741, 5.695152572305813, 6.11666666666665
742, 7.190676362801248, 7.766666666666644
743, 6.5233612495098035, 5.449999999999986
744, -3.2931780666878288, 7.599999999999978
745, 0.9388048061447111, 11.766666666666831
746, -2.928625260899118, 4.383333333333323
747, -5.396307808825616, 30.016666666666243
748, -4.674383076875873, 7.899999999999977
749, 1.946897714675443, 30.016666666666243
750, -1.5082136932315076, 30.016666666666243
751, -1.4364430052936412, 30.016666666666243
752, 3.6674735998359163, 3.049999999999994
753, -2.5624129570539003, 3.049999999999994
754, -3.5134333589467612, 2.7333333333333285
755, 7.401993484847264, 6.749999999999981
756, -2.937419937463117, 2.366666666666663
757, -4.198964356158078, 2.916666666666661
758, -1.5946154191191562, 2.033333333333331
759, 5.705503527606067, 7.766666666666644
760, 8.163492839935136, 18.750000000000217
761, -1.7981925442786304, 30.016666666666243
762, 5.677220424415554, 30.016666666666243
763, 8.240354889230805, 17.083333333333645
764, 5.320371428347954, 30.016666666666243
765, 1.5241736657846974, 30.016666666666243
766, -3.3230617594551832, 2.6999999999999953
767, -4.641477897006128, 3.949999999999991
768, -4.276367646752027, 3.26666666666666
769, -4.944836387552237, 6.783333333333315
770, 3.4499698256369067, 20.33333333333346
771, -0.4223239951287279, 3.9666666666666575
772, -1.2305190445558736, 6.283333333333316
773, -1.8255817286367695, 1.9166666666666647
774, -7.564485004169966, 18.083333333333588
775, 2.6555587167354693, 19.583333333333503
776, 5.364617174012919, 6.6999999999999815
777, 9.715349563301737, 30.016666666666243
778, 5.1171026148120315, 30.016666666666243
779, 4.501193645180911, 30.016666666666243
780, 5.680553018475862, 30.016666666666243
781, 9.535994047275862, 30.016666666666243
782, 3.804151660985866, 30.016666666666243
783, 2.976864036081784, 30.016666666666243
784, 6.651644378820275, 30.016666666666243
785, 3.80305455679964, 30.016666666666243
786, 7.324251805066423, 30.016666666666243
787, 7.5899172369212815, 30.016666666666243
788, 2.471561172708716, 2.5166666666666626
789, 6.303571890925872, 30.016666666666243
790, 5.030741046514582, 30.016666666666243
791, 5.9551580985341115, 30.016666666666243
792, 6.381103955898012, 30.016666666666243
793, 6.795680542507189, 30.016666666666243
794, 5.21494450004424, 30.016666666666243
795, -3.9752986276215685, 2.9999999999999942
796, 7.831170295919382, 30.016666666666243
797, 3.3974886817480563, 30.016666666666243
798, 8.476310337748862, 30.016666666666243
799, 7.567476789166634, 30.016666666666243
800, 6.1507840209452, 4.466666666666656
801, 8.476992016100706, 26.299999999999788
802, 8.604385590160012, 23.94999999999992
803, 14.504006226819756, 27.64999999999971
804, 0.5671707133170003, 5.149999999999987
805, -0.7172949856449332, 3.26666666666666
806, -1.8015985618604438, 5.699999999999985
807, 6.870888156751848, 5.699999999999985
808, -3.0425505722268165, 9.866666666666736
809, -1.1608628290012453, 3.2333333333333267
810, 1.6107821700171094, 7.366666666666646
811, 3.20884793029944, 7.916666666666644
812, 5.554288936090819, 8.866666666666687
813, 7.595181873511283, 5.28333333333332
814, 11.872271655739505, 8.349999999999994
815, 0.13609169792258388, 3.5499999999999923
816, 5.52548972354432, 5.099999999999987
817, -1.0391662230842675, 3.3166666666666598
818, 4.567141856987783, 4.433333333333323
819, -0.034603954963893874, 4.699999999999989
820, 11.417184000505719, 17.133333333333642
821, -0.850932008189816, 3.1166666666666605
822, -0.0491398743657574, 6.583333333333315
823, 8.069616396360356, 13.350000000000243
824, 0.6569997410429383, 6.249999999999983
825, -1.4141878362903484, 5.249999999999987
826, 6.459158949338788, 9.866666666666736
827, -0.6904186931231863, 3.899999999999991
828, 0.34065319088800594, 3.866666666666658
829, 4.20011980969462, 9.966666666666741
830, 3.05031493481507, 9.566666666666721
831, 0.4142586638075802, 6.049999999999984
832, 4.820452276661383, 11.633333333333491
833, 8.756401544484989, 14.133333333333615
834, -0.7138175653306128, 3.1666666666666603
835, 8.2279002428334, 14.43333333333363
836, 10.160701839930184, 14.533333333333635
837, 5.090565011933984, 7.649999999999978
838, 0.4953211197724059, 6.21666666666665
839, 2.243033634106681, 9.816666666666734
840, 0.1592025902222418, 6.783333333333315
841, 2.9886148697636576, 6.599999999999982
842, 1.57718592674129, 6.566666666666649
843, 5.229118539946972, 5.883333333333318
844, 7.328351060664566, 9.683333333333394
845, -0.22014220825202502, 3.816666666666658
846, 1.0861658388723254, 4.083333333333324
847, 0.1042319407629217, 3.26666666666666
848, 1.6570052211040387, 10.633333333333441
849, 2.8863606467434653, 1.8499999999999983
850, 0.9627256215963783, 3.4999999999999925
851, -0.27134223483948233, 11.816666666666833
852, 1.2347011859022439, 5.699999999999985
853, -0.06152152321040233, 5.949999999999984
854, 6.111306543052474, 12.550000000000203
855, 0.4926307417372443, 7.233333333333313
856, 1.490558001245358, 4.3666666666666565
857, 6.309620845484546, 14.000000000000275
858, 2.057493981229919, 6.049999999999984
859, 5.297197021222309, 22.699999999999992
860, 12.975266914558134, 25.999999999999805
861, 5.060566979595115, 30.016666666666243
862, 3.9157459739691265, 6.133333333333317
863, 6.558444398895306, 16.63333333333367
864, 4.452813310126811, 30.016666666666243
865, 6.029757787812827, 9.650000000000059
866, 5.423351417991387, 30.016666666666243
867, 8.639138659109344, 26.79999999999976
868, 5.180991113257828, 30.016666666666243
869, 10.26856691695668, 18.35000000000024
870, 18.069820031147394, 24.84999999999987
871, 16.764638928745708, 19.100000000000197
872, 4.814994130745143, 6.1499999999999835
873, 1.083858300242115, 8.616666666666674
874, 6.706456603711611, 7.266666666666646
875, 3.784700385772684, 9.600000000000056
876, 6.957219721472801, 4.733333333333322
877, 0.21712366943947076, 3.4999999999999925
878, 11.944016853636212, 28.099999999999685
879, 1.6943447628218113, 9.966666666666741
880, 14.318408149774575, 30.016666666666243
881, 1.580646126787264, 5.666666666666652
882, 19.85142770024475, 30.016666666666243
883, 7.346187181625108, 30.016666666666243
884, 5.23247158779509, 5.866666666666651
885, 8.590577710783712, 30.016666666666243
886, 6.938866908237516, 30.016666666666243
887, 6.527885372942139, 30.016666666666243
888, 8.598358936685873, 30.016666666666243
889, -0.7365872455669544, 2.8999999999999946
890, 9.236992504748684, 17.266666666666968
891, 10.682220028052912, 30.016666666666243
892, 4.930062912196959, 3.733333333333325
893, 5.353274554492285, 30.016666666666243
894, 8.961749301123904, 30.016666666666243
895, 8.885898964311794, 21.03333333333342
896, 6.87226673608969, 30.016666666666243
897, 7.239088818661109, 30.016666666666243
898, 6.699898710584697, 30.016666666666243
899, -1.0370574993901212, 1.733333333333332
900, 4.4976417020260975, 12.216666666666853
901, 8.647307097276512, 24.916666666666533
902, 4.838464408222815, 30.016666666666243
903, 11.30083522460898, 30.016666666666243
904, 5.742724829838058, 30.016666666666243
905, 13.372853232445685, 30.016666666666243
906, 6.283059657105136, 30.016666666666243
907, 4.971013178506125, 30.016666666666243
908, 7.179560534676486, 30.016666666666243
909, 8.57484194994953, 30.016666666666243
910, 9.281442272001128, 30.016666666666243
911, 7.819904324433949, 30.016666666666243
912, 4.435671499993921, 8.04999999999998
913, 8.644801019907279, 30.016666666666243
914, 6.624915814630729, 30.016666666666243
915, 7.27836546978624, 30.016666666666243
916, 8.25299969611348, 30.016666666666243
917, 4.654695114807305, 30.016666666666243
918, 5.4880824844137575, 30.016666666666243
919, 10.980173979271523, 30.016666666666243
920, 6.71094693050903, 13.783333333333598
921, 5.387770668298355, 7.383333333333312
922, 7.301431906648787, 30.016666666666243
923, 6.067464603916299, 23.416666666666618
924, 5.54301128247694, 30.016666666666243
925, 5.186059780782717, 22.78333333333332
926, 13.414070974179758, 30.016666666666243
927, 9.610042468222234, 30.016666666666243
928, 2.0427046993211264, 12.133333333333516
929, 4.292572464163039, 25.81666666666648
930, 6.288364926645808, 23.549999999999944
931, 0.2485296256481298, 3.9666666666666575
932, 1.3075170454212774, 8.683333333333344
933, 8.764259660240095, 20.050000000000143
934, 6.145510656592473, 7.649999999999978
935, 7.102264132459514, 28.78333333333298
936, -0.24310266494362978, 4.483333333333323
937, 1.825812322093118, 6.683333333333315
938, 1.4219418193087445, 6.21666666666665
939, 9.933452203362615, 29.56666666666627
940, 5.579628665431225, 17.466666666666956
941, 12.94995127383654, 22.216666666666686
942, -2.424560957943542, 4.616666666666656
943, 2.6531537676249233, 9.583333333333389
944, 1.9767864698856716, 10.266666666666756
945, 5.451602095513255, 20.166666666666803
946, 8.683125968877832, 16.783333333333662
947, 1.6728413369063624, 12.650000000000208
948, 5.75156557152557, 14.183333333333618
949, 3.328136860602421, 14.650000000000308
950, 0.749877663739847, 5.166666666666654
951, 4.673197035062094, 8.616666666666674
952, -1.9297968365478522, 5.566666666666652
953, 5.691695432860897, 21.633333333333386
954, 1.9415915528863859, 2.033333333333331
955, 2.922047119413806, 2.116666666666664
956, 2.2479572286796086, 10.433333333333431
957, 0.40405567982297264, 5.466666666666653
958, 7.172426461862086, 12.283333333333523
959, -1.9972973147691564, 3.1666666666666603
960, 2.5743163051940194, 8.633333333333342
961, -1.360948367162139, 8.466666666666667
962, 9.648575888216117, 16.583333333333673
963, -1.9426822717051173, 2.3166666666666633
964, 8.169007954880916, 14.400000000000295
965, 0.25371724422399666, 12.950000000000223
966, 10.105137480715094, 20.95000000000009
967, 4.888396066903762, 8.349999999999994
968, 5.264585100114745, 3.516666666666659
969, 6.6322357679041035, 14.066666666666945
970, 1.7837719283310025, 5.666666666666652
971, -0.6994276117218143, 1.8833333333333315
972, 1.3221346968350955, 8.91666666666669
973, 3.6452659317823293, 2.0999999999999974
974, 3.6331209488740734, 16.28333333333369
975, 8.620535427556272, 8.71666666666668
976, 8.065687197448646, 14.150000000000283
977, 4.077325917796364, 6.433333333333316
978, 7.476338844614757, 9.133333333333367
979, 5.609856181432988, 5.416666666666653
980, 7.363452524416267, 10.383333333333429
981, 12.505716166604786, 30.016666666666243
982, 17.714509155502725, 30.016666666666243
983, 2.9487518993554156, 2.5999999999999956
984, 0.6828210803631103, 11.733333333333496
985, 11.799903983570738, 22.699999999999992
986, 1.441909058104046, 5.933333333333318
987, -1.2083714071746288, 6.683333333333315
988, 0.36603176004210575, 6.716666666666648
989, 11.45399053981536, 20.95000000000009
990, 1.0649413101305323, 7.716666666666645
991, -1.544199984919669, 4.649999999999989
992, -1.7055445612672666, 3.183333333333327
993, 0.558037936031714, 5.249999999999987
994, -3.135748155055217, 4.049999999999991
995, -2.254616661937122, 5.516666666666652
996, -2.69808301802856, 7.433333333333312
997, -2.2668334199625972, 2.1499999999999972
998, -1.188350636745999, 2.1499999999999972
999, -2.1834669783379623, 4.783333333333322
1000, 1.242946891452503, 7.24999999999998
1001, 1.2728895646176541, 4.0666666666666575
1002, 1.6871968643712905, 9.250000000000039
1003, 8.993022896000358, 18.483333333333565
1004, -1.1037606270117508, 3.299999999999993
1005, 1.4923237317507925, 8.966666666666692
1006, 11.207729060817755, 15.883333333333702
1007, 5.814478833376939, 12.016666666666843
1008, 11.708716531665099, 30.016666666666243
1009, -3.2413010281305277, 1.9666666666666646
1010, 0.6772133414271762, 30.016666666666243
1011, 1.44068873822645, 30.016666666666243
1012, -2.6252571823382707, 2.533333333333329
1013, 0.4960930152539147, 30.016666666666243
1014, 0.9798959573594741, 30.016666666666243
1015, -2.6383418590741674, 17.21666666666697
1016, 2.369329310890918, 30.016666666666243
1017, 1.915704339094344, 30.016666666666243
1018, 1.6628558910953788, 30.016666666666243
1019, 2.707508162898722, 30.016666666666243
1020, 1.4213000007377932, 30.016666666666243
1021, 5.921357805408788, 22.716666666666658
1022, 1.1335156354429654, 30.016666666666243
1023, -3.1725686293354376, 22.766666666666655
1024, 0.8611253523954014, 30.016666666666243
1025, 4.72512901539062, 27.283333333333065
1026, 1.675275010629817, 30.016666666666243
1027, -2.7665786976199507, 2.3833333333333298
1028, 1.7828296052436647, 30.016666666666243
1029, 5.715760361381557, 4.616666666666656
1030, -1.0208406809894996, 23.94999999999992
1031, -1.968604827573336, 24.449999999999893
1032, 1.8002110818596413, 30.016666666666243
1033, -2.5354670202479332, 16.583333333333673
1034, -2.60710308092977, 3.866666666666658
1035, 0.667267894418018, 30.016666666666243
1036, -0.3788481874870834, 6.21666666666665
1037, -1.8648384892306757, 3.766666666666658
1038, -2.6061487011852047, 2.499999999999996
1039, 3.2071917284200437, 30.016666666666243
1040, -0.5292288304631456, 15.516666666667017
1041, 1.7530430103175922, 30.016666666666243
1042, 1.7291394850201947, 30.016666666666243
1043, 2.949616253473348, 30.016666666666243
